SNP,Chi2,P_value,HWE_status
rs2228570,2.0586969806315736,0.1513395346373504,Pass
rs1544410,0.037348383414155764,0.8467574667346845,Pass
rs7975232,0.0012604625883751506,0.971678658954407,Pass
rs731236,0.06003908415808454,0.806434177075928,Pass
