SNP,Path_a_SNP_to_VitD,Path_b_VitD_to_T2D,Path_c_Total_effect,Path_c_prime_Direct_effect,Indirect_effect,Proportion_mediated
rs2228570,0.06635881844253051,-0.4244799084490117,0.009400962808761156,0.011554737815451915,-0.028167985177269938,-299.6287268684756
