SNP,Genotype_0_mean,Genotype_1_mean,Genotype_2_mean,Beta,R_squared,F_statistic,P_value,Significance
rs7975232,20.364749233053427,21.00444228961697,21.57218625702901,0.6143548587764969,0.0023683511370528212,1.185283846363541,0.3060897403621207,ns
rs2228570,20.894907607214765,20.564983669822983,21.298613369370987,0.06976564383032927,3.241973023560449e-05,0.437074237748814,0.6460471818423321,ns
rs1544410,20.557549082175594,21.045675077814934,21.09920854241761,0.3590535347078891,0.0007417255379029086,0.42631895493999267,0.6530270253788211,ns
rs731236,21.024806612799903,20.6932704511801,20.68215599937491,-0.20110179067259987,0.00026686825468720207,0.17416885176598612,0.8401805810706233,ns
